trial,learning_rate,momentum,decay,step_period,warmup_ratio,warmup_iters
0,0.021111195192900202,0.86,0.00010494349499898699,14,0.0003373212675661151,500
1,0.00015403855565405213,0.9,0.0012916300185317135,6,0.00043607289788641894,500
2,0.00025197682453166636,0.86,0.0003620282405724652,12,0.0008240895137688405,2000
3,0.0900024046143545,0.88,0.00048031610632554825,14,0.0006379332999716838,500
4,0.003229752411828507,0.9,0.002396956438740085,8,0.0003785961000525504,500
5,0.025499967776048228,0.9,0.00013994679152338184,12,0.00038571124781940086,2000
6,0.004763113756520511,0.9,0.002698129347925441,10,0.0006585553838225406,1500
7,0.0005303305861009345,0.92,0.0022151296061796444,10,0.0007322856654469956,500