trial,learning_rate,momentum,decay,cosine_period,initialization,loss_lambda,warmup_epochs
51,0.0003956539951641607,0.95,0.002326329469063074,30,Kaiming,0.6652799917234045,0
27,0.004993763876296413,0.9,0.0018393542743568607,20,Kaiming,0.7036605883590017,0
33,0.004913286845210764,0.9,0.00704661640108812,30,Pretrained,0.7391248999194563,0
48,0.010309440219285303,0.9,0.00022023789027027254,30,Pretrained,0.5821301556819785,0